puzzleID,Title,Dot-bracket,Sequence,Length,wild_type_sequence,Eterna100_number,Eterna100_version
Eterna100_001_V2,001: Simple Hairpin,(((((......))))),CAGGGGAAAAACUCUG,16,CAGGGGAAAAACUCUG,1,V2
Eterna100_002_V2,002: Arabidopsis Thaliana 6 RNA - Difficulty Level 0,(((((((....(((...........)))((((((((..(((((((((((((((((((...(((((......))))).)))))).)))))))))))))..))))))))..))))))),GUGUUUGGAAACAGGAAAAAAAAAACUGGAUACCUGGGGGUCACUUUUGUGCGCUCGGAAGUGUGGAAAAACGCACGCGAGCGACAUAAGAGUGGCCGGCAGGUAUCAACAGACAC,116,GUGUUUGGAAACAGGAAAAAAAAAACUGGAUACCUGGGGGUCACUUUUGUGCGCUCGGAAGUGUGGAAAAACGCACGCGAGCGACAUAAGAGUGGCCGGCAGGUAUCAACAGACAC,2,V2
Eterna100_003_V2,003: Prion Pseudoknot - Difficulty Level 0,((((((.((((....))))))).)))..........,GCCCUCAGAUGGAAACGUCGAGAGGCAAAAAAAAAA,36,GCCCUCAGAUGGAAACGUCGAGAGGCAAAAAAAAAA,3,V2
Eterna100_004_V2,004: Human Integrated Adenovirus - Difficulty Level 0,((((((((((((((.((((((...........((((((((((((.....((((((((....(((((((((((((........))))))))))....))))))))....))))))....)))))...((((((.......))))))))))............)))))).))))....))))))...))))...,GUGGCUUGUCCUGGGCUCGAGGAAAAAAAAAAGCCCGUUGCCCCGAAAAGGCCUUGGGGAACCCCUCUUCUUGGGAAAAAAACCAAGAGGAGAAAAGGGCCAAGAAAAGCCGGGAAAAGCAACGAAGCCCCGGAAAAAACGGGGCGGGCGAAAAAAAAAAACUCGAGGCUGGAAAAGACGAGAAACCGCAAC,192,GUGGCUUGUCCUGGGCUCGAGGAAAAAAAAAAGCCCGUUGCCCCGAAAAGGCCUUGGGGAACCCCUCUUCUUGGGAAAAAAACCAAGAGGAGAAAAGGGCCAAGAAAAGCCGGGAAAAGCAACGAAGCCCCGGAAAAAACGGGGCGGGCGAAAAAAAAAAACUCGAGGCUGGAAAAGACGAGAAACCGCAAC,4,V2
Eterna100_005_V2,005: The Gammaretrovirus Signal - Difficulty Level 0,..(.(..((((((....))))))..).)......((((..(((.(((((((((....)))))....)))))))))))..((((((((....))))))))..,AGCGCAACCCCCGACAACGGGGGAAGGGGAAAAACCCUAACCCAGCCACCCCCAAAAGGGGGAAAAUGGCGGGAGGGAGCCCCAGCCAGAGGGCUGGGGAA,101,AGCGCAACCCCCGACAACGGGGGAAGGGGAAAAACCCUAACCCAGCCACCCCCAAAAGGGGGAAAAUGGCGGGAGGGAGCCCCAGCCAGAGGGCUGGGGAA,5,V2
Eterna100_006_V2,006: Saccharomyces Cerevisiae - Difficulty Level 0,(((((((((((........)))).((...............))....(((((.......))))))))))))....(((((((..((((........))))(((.............)))....(((((.......))))))))))))....(((((((..((((........))))((((((.......))))))....(((((.......))))))))))))....(((((((..((((........))))((((((.......))))))....(((((.......))))))))))))....(((((((..((((........))))((((((.......))))))....(((((.......))))))))))))....,GAGUGCGCUGGGAAAAAAACCAGGGGGAAAAAAAAAAAAAACCAAAAGUAAGGAAAAAACUUACCGUACUCAAAAGUUUGAGAAGUGGGAAAAAAACCACGAGGAAAAAAAAAAAACUCAAAAGCCCCGAAAAAAGGGGCCUUAAACAAAAGUUUAUGAAGAUGGAAAAAAACAUCGAUAGGGAAAAAACCUAUCAAAAGUUCCGAAAAAAGGGACCAUAAACAAAAGAUGGCGAAGUAGGAAAAAAACUACGUCUAGGAAAAAACUAGACAAAAGAUGGGAAAAAACUAUCCGCCAUCAAAAGGCUCGGAAGUUGGAAAAAAACAACGGUGGCGAAAAAAGUUACCAAAAGUCCGGAAAAAACGGACCCGAGUCAAAC,379,GAGUGCGCUGGGAAAAAAACCAGGGGGAAAAAAAAAAAAAACCAAAAGUAAGGAAAAAACUUACCGUACUCAAAAGUUUGAGAAGUGGGAAAAAAACCACGAGGAAAAAAAAAAAACUCAAAAGCCCCGAAAAAAGGGGCCUUAAACAAAAGUUUAUGAAGAUGGAAAAAAACAUCGAUAGGGAAAAAACCUAUCAAAAGUUCCGAAAAAAGGGACCAUAAACAAAAGAUGGCGAAGUAGGAAAAAAACUACGUCUAGGAAAAAACUAGACAAAAGAUGGGAAAAAACUAUCCGCCAUCAAAAGGCUCGGAAGUUGGAAAAAAACAACGGUGGCGAAAAAAGUUACCAAAAGUCCGGAAAAAACGGACCCGAGUCAAAC,6,V2
Eterna100_007_V2,007: Fractal 2,.....((((((((...((((((((((..((((..........))))..((((..........))))..((((..........))))..))))))))))...((((((((((..((((..........))))..((((..........))))..((((..........))))..))))))))))...((((((((((..((((..........))))..((((..........))))..((((..........))))..))))))))))...)))))))).....,AAAAAGGAGUGCCAAAGAUACGUCAGAAGUUGGAAAAAAAAACAACAAGCGGGAAAAAAAAACCGCAACUUGGAAAAAAAAACGGGAACUGACGUAUCAAACUUGAUUGGGAACACGGAAAAAAAAACGUGAACUGGGAAAAAAAAACUAGAAGACGGAAAAAAAAACGUCAACCCAGUCAAGAAAGAACUCCGGCAAGCCGGAAAAAAAAACGGCAAGUGGGAAAAAAAAACCACAACUGCGAAAAAAAAAGCAGAAGCUGGGGUUCAAAGGUAUUCCAAAAA,284,AAAAAGGAGUGCCAAAGAUACGUCAGAAGUUGGAAAAAAAAACAACAAGCGGGAAAAAAAAACCGCAACUUGGAAAAAAAAACGGGAACUGACGUAUCAAACUUGAUUGGGAACACGGAAAAAAAAACGUGAACUGGGAAAAAAAAACUAGAAGACGGAAAAAAAAACGUCAACCCAGUCAAGAAAGAACUCCGGCAAGCCGGAAAAAAAAACGGCAAGUGGGAAAAAAAAACCACAACUGCGAAAAAAAAAGCAGAAGCUGGGGUUCAAAGGUAUUCCAAAAA,7,V2
Eterna100_008_V2,008: G-C Placement,((((...)))).,GAAGAAACUUCA,12,GAAGAAACUUCA,8,V2
Eterna100_009_V2,009: The Sun,(((.(((((((...))))..))))))...(((.(((((((...))))..))))))...(((.(((((((...))))..))))))...(((.(((((((...))))..))))))...(((.(((((((...))))..))))))...(((.(((((((...))))..))))))...(((.(((((((...))))..))))))...(((.(((((((...))))..))))))...(((.(((((((...))))..)))))),GGGAGUCCAGGAAACCUGAAGACCCCAAAGGGAGUCCCGGAAACCGGAAGGCCCCAAAGGCACGCCUGCAAAGUAGAAGCGGUCAAAGUGAGGCCUGGAAACCAGAAGCCCACAAAGCGAGUGCUGGAAACCAGAACGCCGCAAAGCGAGUGCGGGAAACCCGAACGCCGCAAAGUGAGACCCAGAAACUGGAAGUCCACAAAGCCAGGGCUUGAAACAGGAACCCGGCAAACCCAGUCCCGGAAACCGGAAGACGGG,258,GGGAGUCCAGGAAACCUGAAGACCCCAAAGGGAGUCCCGGAAACCGGAAGGCCCCAAAGGCACGCCUGCAAAGUAGAAGCGGUCAAAGUGAGGCCUGGAAACCAGAAGCCCACAAAGCGAGUGCUGGAAACCAGAACGCCGCAAAGCGAGUGCGGGAAACCCGAACGCCGCAAAGUGAGACCCAGAAACUGGAAGUCCACAAAGCCAGGGCUUGAAACAGGAACCCGGCAAACCCAGUCCCGGAAACCGGAAGACGGG,9,V2
Eterna100_010_V2,010: Frog Foot,..........((((....))))((((....))))((((...)))),AAAAAAAAAAGUUGGAAACAACGGAGGAAACUCCGAAGAAACUUC,45,AAAAAAAAAAGUUGGAAACAACGGAGGAAACUCCGAAGAAACUUC,10,V2
Eterna100_011_V2,011: InfoRNA test 16,((((((.((((((((....))))).)).).)))))),GCGCUCGGCCCAGUCGAAAGACUGAGGACGGAGCGC,36,GCGCUCGGCCCAGUCGAAAGACUGAGGACGGAGCGC,11,V2
Eterna100_012_V2,012: Mat - Martian 2,((((....))))...(((((((..(((((((.......))))))))))))))...((((((((......(((((((.(((((((.......))))))))))))))...((((((((((((((.......))))))).)))))))......))))))))...((((((((((((((.......)))))))..)))))))...((((....)))),GUGGGAAACCACAAAGGUAUCGAAGCACGUGGAAAAAACACGUGCCGAUACCAAAGGCAUCCCGAAAAAGAUCUAGAGGGGGAGGAAAAAACUCCUUCCUAGAUCAAAGCUAAGCGUGUAGCGAAAAAAGCUAUACAGCUUAGCAAAAAAGGGAUGUCAAAGUUGUGCCGUGGCGGAAAAAACGCCACGAAGCACAACAAACAACGAAAGUUG,213,GUGGGAAACCACAAAGGUAUCGAAGCACGUGGAAAAAACACGUGCCGAUACCAAAGGCAUCCCGAAAAAGAUCUAGAGGGGGAGGAAAAAACUCCUUCCUAGAUCAAAGCUAAGCGUGUAGCGAAAAAAGCUAUACAGCUUAGCAAAAAAGGGAUGUCAAAGUUGUGCCGUGGCGGAAAAAACGCCACGAAGCACAACAAACAACGAAAGUUG,12,V2
Eterna100_013_V2,013: square,((((((((((((((((((((((((((...))))))....)))))))....))))))....))))))),GUAAUACCAGUUCCCUAUCCCGGUACAAAGUACCGAAAAGGAUGGGAAAAGAACUGAAAAGUAUUAC,67,GUAAUACCAGUUCCCUAUCCCGGUACAAAGUACCGAAAAGGAUGGGAAAAGAACUGAAAAGUAUUAC,13,V2
Eterna100_014_V2,014: Six legd turtle 2,.....((...((....))...((....))...((....))...((....))...((....))...((....))...))....................,AAAAAGGAAACGGAAACGAAAGGGAAACCAAACGGAAACGAAAGGGAAACCAAAGCGAAAGCAAAGCGAAAGCAAACCAAAAAAAAAAAAAAAAAAAA,98,AAAAAGGAAACGGAAACGAAAGGGAAACCAAACGGAAACGAAAGGGAAACCAAAGCGAAAGCAAAGCGAAAGCAAACCAAAAAAAAAAAAAAAAAAAA,14,V2
Eterna100_015_V2,015: Small and Easy 6,(((((.....))..((.........))))),CCCCCAUAGAGGAAGCAAAACAAAAGCGGG,30,CCCCCAUAGAGGAAGCAAAACAAAAGCGGG,15,V2
Eterna100_016_V2,016: Fractile,............((....))...((...((....))..((...((....))...))..((....))...))..((....))........................,AAAAAAAAAAAAGCGAAAGCAAAGGAAACCGAAAGGAAGGGAAGGGAAACCGAACCAAGGGAAACCAAACCAAGGGAAACCAAAAAAAAAAAAAAAAAAAAAAAA,105,AAAAAAAAAAAAGCGAAAGCAAAGGAAACCGAAAGGAAGGGAAGGGAAACCGAACCAAGGGAAACCAAACCAAGGGAAACCAAAAAAAAAAAAAAAAAAAAAAAA,16,V2
Eterna100_017_V2,017: Six legd Turtle,.....((....((....))....((....))....((....))....((....))....((....))....((....))....))....................,AAAAACGGAAAGGGAAACCAAAAGCGAAAGCAAAAGGGAAACCAAAAGGGAAACCAAAACGGAAACGAAAAGGGAAACCAAAACGAAAAAAAAAAAAAAAAAAAA,105,AAAAACGGAAAGGGAAACCAAAAGCGAAAGCAAAAGGGAAACCAAAAGGGAAACCAAAACGGAAACGAAAAGGGAAACCAAAACGAAAAAAAAAAAAAAAAAAAA,17,V2
Eterna100_018_V2,018: snoRNA SNORD64,((((((.....(((....(((...(((((.............)))))....)))..)))..)))))),GGCCGGGAAAAGUCGAAAGCCGAAGGUGGGAAAAAAAAAAAACCAUCGAAAGGCGAGACGACUGGCC,67,GGCCGGGAAAAGUCGAAAGCCGAAGGUGGGAAAAAAAAAAAACCAUCGAAAGGCGAGACGACUGGCC,18,V2
Eterna100_019_V2,019: Chalk Outline,.....((((.(((((....)).))).(((.(((....)))))).((((((....)).)))).(((((....))).)))))).......................,AAAAACCGGAGUCCCGAAAGGAGACAGGGAGUCGAAAGGCCUCAGUUCCCGAAAGGAGGACAGCCUGGAAACAGAGCCCGGAAAAAAAAAAAAAAAAAAAAAAA,104,AAAAACCGGAGUCCCGAAAGGAGACAGGGAGUCGAAAGGCCUCAGUUCCCGAAAGGAGGACAGCCUGGAAACAGAGCCCGGAAAAAAAAAAAAAAAAAAAAAAA,19,V2
Eterna100_020_V2,020: InfoRNA bulge test 9,(((((((.(.(.(.(((((((....))))))))))))))))),CGCUGCGAGAGAGAGCUUCGGGAAACCGAGGCCCCCGUAGCG,42,CGCUGCGAGAGAGAGCUUCGGGAAACCGAGGCCCCCGUAGCG,20,V2
Eterna100_021_V2,021: Tilted Russian Cross,.....((((((((....))))((((.((((....))))(((((....))))).((((....))))))))((((....))))))))....................,AAAAAGUUCGCUGGAAACAGCGCGCAGUCGGAAACGACGCGGGGAAACUCGCAGUGGGAAACUGCGUGCGGUCGAAAGGCCGAACAAAAAAAAAAAAAAAAAAAA,105,AAAAAGUUCGCUGGAAACAGCGCGCAGUCGGAAACGACGCGGGGAAACUCGCAGUGGGAAACUGCGUGCGGUCGAAAGGCCGAACAAAAAAAAAAAAAAAAAAAA,21,V2
Eterna100_022_V2,022: This is ACTUALLY Small And Easy 6,................................................................................................................................................................................................................................................................................................................................................................................................................,AAAAAAAAAAAAAAAAAAAAAAAAAAAAAAAAAAAAAAAAAAAAAAAAAAAAAAAAAAAAAAAAAAAAAAAAAAAAAAAAAAAAAAAAAAAAAAAAAAAAAAAAAAAAAAAAAAAAAAAAAAAAAAAAAAAAAAAAAAAAAAAAAAAAAAAAAAAAAAAAAAAAAAAAAAAAAAAAAAAAAAAAAAAAAAAAAAAAAAAAAAAAAAAAAAAAAAAAAAAAAAAAAAAAAAAAAAAAAAAAAAAAAAAAAAAAAAAAAAAAAAAAAAAAAAAAAAAAAAAAAAAAAAAAAAAAAAAAAAAAAAAAAAAAAAAAAAAAAAAAAAAAAAAAAAAAAAAAAAAAAAAAAAAAAAAAAAAAAAAAAAAAAAAAAAAAAAAAAAAAAAAAAAAAAAAAAAAAAAAA,400,AAAAAAAAAAAAAAAAAAAAAAAAAAAAAAAAAAAAAAAAAAAAAAAAAAAAAAAAAAAAAAAAAAAAAAAAAAAAAAAAAAAAAAAAAAAAAAAAAAAAAAAAAAAAAAAAAAAAAAAAAAAAAAAAAAAAAAAAAAAAAAAAAAAAAAAAAAAAAAAAAAAAAAAAAAAAAAAAAAAAAAAAAAAAAAAAAAAAAAAAAAAAAAAAAAAAAAAAAAAAAAAAAAAAAAAAAAAAAAAAAAAAAAAAAAAAAAAAAAAAAAAAAAAAAAAAAAAAAAAAAAAAAAAAAAAAAAAAAAAAAAAAAAAAAAAAAAAAAAAAAAAAAAAAAAAAAAAAAAAAAAAAAAAAAAAAAAAAAAAAAAAAAAAAAAAAAAAAAAAAAAAAAAAAAAAAAAAAAAAA,22,V2
Eterna100_023_V2,023: Shortie 4,((....)).((....)),GGGAAACCGGCGAAAGC,17,GGGAAACCGGCGAAAGC,23,V2
Eterna100_024_V2,024: Shape Test,.....(.((((..(((((........)))))..(((.(((.(((((.....))))).((((....)))).))))))..)))).)....................,AAAAACGGGUGAAGCGUGGAAAAAAACAUGCAACUCAGGGAGCUUGGAAAACAAGCACACGGAAACGUGACCCGAGAACACCGGAAAAAAAAAAAAAAAAAAAA,104,AAAAACGGGUGAAGCGUGGAAAAAAACAUGCAACUCAGGGAGCUUGGAAAACAAGCACACGGAAACGUGACCCGAGAACACCGGAAAAAAAAAAAAAAAAAAAA,24,V2
Eterna100_025_V2,025: The Minitsry,(((.....(((.....(((.....(((.....(((........))).))).))).))).))),CCGAAAAACCCAAAAACCCAAAAACGCAAGAAACCAAAAAAAAGGUAGCGAGGGAGGGACGG,62,CCGAAAAACCCAAAAACCCAAAAACGCAAGAAACCAAAAAAAAGGUAGCGAGGGAGGGACGG,25,V2
Eterna100_026_V2,026: stickshift,..((((((((.....)).))))))..,AAGUUUCCCGGAAAACGAGGAAGCAA,26,AAGUUUCCCGGAAAACGAGGAAGCAA,26,V2
Eterna100_027_V2,027: U,.....(((((.(.(.((.(.(((((((((....))))))))))))))))))).....,AAAAAGUGCGAGACAGGAGAGCGUGGAGCGAAAGCUCUAUGCCCCGCCGCACAAAAA,57,AAAAAGUGCGAGACAGGAGAGCGUGGAGCGAAAGCUCUAUGCCCCGCCGCACAAAAA,27,V2
Eterna100_028_V2,028: Still Life (Sunflower In A Vase),...((((..(((((.....)))))..(((((...)))))..(((((.....)))))..(((((...)))))..(((((.....)))))..(((((.....))))).((((((((((((((((((((((((((((......))))).(((((.............((((.........................................)))).............)))))(((((....))))).)))))))))))))))))))))))..(((((.....)))))..(((((.....)))))..(((((.....)))))..(((((.....)))))..(((((....)))))..(((((.....))))).))))...,AAAGCUCGAGCAGCGAAAAGUUGCAAGGGUGAAACACUCAACGACGGAAAACGUCGAAGGUAGAAACUACCAAGGGUGGAAAACAUCCAAGGUGGGAAAACCACCACGGUCUGACGAAGUAGUAACUGCCUGGCGAAAAAGCCAGACUUUGGAAAAAAAAAAAAGGACGAAAAAAAAAAAAAAAAAAAAAAAAAAAAAAAAAAAAAAAAGUUCGAAAAAAAAAAAACGAAGGUUGGGAAACUGACAGCAGUUAUUGCUUUGUCAGACCGAAGUGUGGAAAACACGCAAGACUGGAAAACAGUCAAGUGAGGAAAACUCACAAGUCUGGAAAACAGACAAGUUCGGAAACGGACAAGUAGGGAAAACCUACGGAGCAAA,378,AAAGCUCGAGCAGCGAAAAGUUGCAAGGGUGAAACACUCAACGACGGAAAACGUCGAAGGUAGAAACUACCAAGGGUGGAAAACAUCCAAGGUGGGAAAACCACCACGGUCUGACGAAGUAGUAACUGCCUGGCGAAAAAGCCAGACUUUGGAAAAAAAAAAAAGGACGAAAAAAAAAAAAAAAAAAAAAAAAAAAAAAAAAAAAAAAAGUUCGAAAAAAAAAAAACGAAGGUUGGGAAACUGACAGCAGUUAUUGCUUUGUCAGACCGAAGUGUGGAAAACACGCAAGACUGGAAAACAGUCAAGUGAGGAAAACUCACAAGUCUGGAAAACAGACAAGUUCGGAAACGGACAAGUAGGGAAAACCUACGGAGCAAA,28,V2
Eterna100_029_V2,029: Quasispecies 2-2 Loop Challenge,.....((((((((..((((....))))..)))).((((..(...)..)))).((((..(..(((.....)))..)..))))))))....................,ACAGACCCCCCACGACCCCAGAAGGGGAAGUGGACCGGAAGAAACGACCGGACGCCAGCAGCCAAAAAAUGGAGGAAGGCGGGGGAAAAAAAAAAAAAAAAAACA,105,ACAGACCCCCCACGACCCCAGAAGGGGAAGUGGACCGGAAGAAACGACCGGACGCCAGCAGCCAAAAAAUGGAGGAAGGCGGGGGAAAAAAAAAAAAAAAAAACA,29,V2
Eterna100_030_V2,030: Corner bulge training,.(((((((((((...)))))....)))))).,AGUGUGCCAGCGAAACGCUGAAAAGUAUACA,31,AGUGUGCCAGCGAAACGCUGAAAAGUAUACA,30,V2
Eterna100_031_V2,031: Spiral,.....((((.((((((.(((.(((((.((((.((((.((.((.((.((.((.((.....)))))))))))))))))))))))))))))))))))))).....,AAAAAGUGGAGUUUUGAGAGAGGUUGAGUUGAGUUGAGCAGGACGAGGAGGACGGAAAACGCCCCCGCCGCCGACCGACCAGCCCUCCAAAACCCACAAAAA,102,AAAAAGUGGAGUUUUGAGAGAGGUUGAGUUGAGUUGAGCAGGACGAGGAGGACGGAAAACGCCCCCGCCGCCGACCGACCAGCCCUCCAAAACCCACAAAAA,31,V2
Eterna100_032_V2,032: InfoRNA bulge test,.............................((((......((((....((((...((((..((((.((((.....)).)).)).))..)).))...)).)).....)).))......)).)).,AAAAAAAAAAAAAAAAAAAAAAAAAAAAAGCGGGAAAAAGCCGGAAACGCGGAAGGCGGGGCCGGGCCGGAAAACGAGCGCGAGCGGCGACCGAACGACGGAAAACGAGCGAAAAACCAGCC,122,AAAAAAAAAAAAAAAAAAAAAAAAAAAAAGCGGGAAAAAGCCGGAAACGCGGAAGGCGGGGCCGGGCCGGAAAACGAGCGCGAGCGGCGACCGAACGACGGAAAACGAGCGAAAAACCAGCC,32,V2
Eterna100_033_V2,033: Worm 1,.......(.(.(.(.(.((.((.(....).)).)).).).).).),AAAAAAACGGGGGGGCGGGGGGGGGAAACGCCGCCGGGCGCGCGG,45,AAAAAAACGGGGGGGCGGGGGGGGGAAACGCCGCCGGGCGCGCGG,33,V2
Eterna100_034_V2,034: just down to 1 bulge,.....((((.(((((....))))).(((....))).)).))....((((.(((....))).(((....))).))))....................,AAAAAGGCGAGUAGGGAAACCUACACUGGAAACAGACGACCAAAAGGGGAGGGGAAACUCAGUCGAAAGACACCCCAAAAAAAAAAAAAAAAAAAA,96,AAAAAGGCGAGUAGGGAAACCUACACUGGAAACAGACGACCAAAAGGGGAGGGGAAACUCAGUCGAAAGACACCCCAAAAAAAAAAAAAAAAAAAA,34,V2
Eterna100_035_V2,035: Iron Cross,.(((.(((...(((.(((...))).(((....))).)))...(((.(((....))).(((...))).)))...(((.(((....))).(((...))).)))...))).(((...))).)))..,ACGCACCCAAACGCACCCAGAGGGACCGAAAACGGAGCGGAAGCCAGCCAAAAGGCACGCAAGGCGAGGCAAACCCACCCAAAAGGGACCGAAACGGAGGGAAAGGGACGCAAAGCGAGCGAA,123,ACGCACCCAAACGCACCCAGAGGGACCGAAAACGGAGCGGAAGCCAGCCAAAAGGCACGCAAGGCGAGGCAAACCCACCCAAAAGGGACCGAAACGGAGGGAAAGGGACGCAAAGCGAGCGAA,35,V2
Eterna100_036_V2,036: loops and stems,.....(((((((...((((...((((...((((.........(((((............)))))...))))....((((..........))))...))))...(((........)))...))))..((......))...))))))).....,AAAAAGUCUUAGAAAGCGCAAAGGGGAAACGGCGAAAAAAAACCCCCGAAAAAAAAAAAGGGGGAAAGCCGAAAAGGAGGAAAAAAAAACUCCAAACCCCAAAGUGGAAAAAAACACAAAGCGCAAGGGAAAAACCAAACUAAGACAAAAA,151,AAAAAGUCUUAGAAAGCGCAAAGGGGAAACGGCGAAAAAAAACCCCCGAAAAAAAAAAAGGGGGAAAGCCGAAAAGGAGGAAAAAAAAACUCCAAACCCCAAAGUGGAAAAAAACACAAAGCGCAAGGGAAAAACCAAACUAAGACAAAAA,36,V2
Eterna100_037_V2,037: Water Strider,.....((.((..(((((.(((....)))(((....)))))).....((((((....)))(((....))).)))))..)).)).....................,GGAAACCACCAGCCCCCACCCGAAAGGGCCCAAGAGGGGGGAAAAAGGCGGCGAAAGCCCCCAAAAGGGAGCCGGAAGGAGGAAAAAAAAAAAAGAAAAAACA,103,GGAAACCACCAGCCCCCACCCGAAAGGGCCCAAGAGGGGGGAAAAAGGCGGCGAAAGCCCCCAAAAGGGAGCCGGAAGGAGGAAAAAAAAAAAAGAAAAAACA,37,V2
Eterna100_038_V2,038: The Turtle(s) Move(s),...((....))....(((((((((.........)))))))))....((((.....)))).....(((....)))...(((((.......)))))....(((...((....)).....(((....)))....((((((.......))))))....(((....))).....((((((....(((.......)))..(((........)))...(((((......)))))...((((.....))))..)))))).........((....)).....((....))......(((((..........)))))......))),AAAGCGAAAGCAAAACAGUUCAUGGAAAAAAAACAUGAAUUGAAAACAUGGAAAACAUGAAAAAGUCGAAAGACAAACAUGGGAAAAAACCAUGAAAACCCAAAGGGAAACCAAAAACAGGAAACUGAAAAGGGUCCGAAAAAAGGGCUCAAAAGGGGAAACCCAAAAACUACAGGAAAGCGGAAAAAACGCAACUGGAAAAAAACGGAAAGAUGCGAAAAAGCAUCAAAGCGCGAAAAGCGCAACUGUGGAAAAAAAAACGGAAACGAAAAAGGGAAACCAAAAAAGCCGGGAAAAAAAAACUGGCAAAAAAGGG,316,AAAGCGAAAGCAAAACAGUUCAUGGAAAAAAAACAUGAAUUGAAAACAUGGAAAACAUGAAAAAGUCGAAAGACAAACAUGGGAAAAAACCAUGAAAACCCAAAGGGAAACCAAAAACAGGAAACUGAAAAGGGUCCGAAAAAAGGGCUCAAAAGGGGAAACCCAAAAACUACAGGAAAGCGGAAAAAACGCAACUGGAAAAAAACGGAAAGAUGCGAAAAAGCAUCAAAGCGCGAAAAGCGCAACUGUGGAAAAAAAAACGGAAACGAAAAAGGGAAACCAAAAAAGCCGGGAAAAAAAAACUGGCAAAAAAGGG,38,V2
Eterna100_039_V2,039: Adenine,(((((.((((((.((((((.((((((.((((((.((((((....((((((......)))))).)))))).(((((...(((((((...)))))))))))).)))))).((((((((((((...)))))))...))))).))))))....))))))....))))))....))))),CGCUGGGACUGGGCGGCGCGGUUUGGAGUUCUGAGUUCCGGAAAGUUCCGGAAAAACGGAACGCGGGACAGCGAGAAAGUUCCGCAAAGCGGAGCCUUGCACAGAACACAAUCCAACUGGAAACUGGUUGAAAGAUUGACCAAGCGAAAGCGCUGGAAACUAGUCGAAACAGUG,174,CGCUGGGACUGGGCGGCGCGGUUUGGAGUUCUGAGUUCCGGAAAGUUCCGGAAAAACGGAACGCGGGACAGCGAGAAAGUUCCGCAAAGCGGAGCCUUGCACAGAACACAAUCCAACUGGAAACUGGUUGAAAGAUUGACCAAGCGAAAGCGCUGGAAACUAGUCGAAACAGUG,39,V2
Eterna100_040_V2,040: Tripod5,..((((((((.....))))((((.....))))))))..,AAGCCCGCGCGAAAAGCGCGCCGGAAAACGGCGGGCAA,38,AAGCCCGCGCGAAAAGCGCGCCGGAAAACGGCGGGCAA,40,V2
Eterna100_041_V2,041: Shortie 6,((....)).((....)).((....)).((....)),CGGAAACGAGGGAAACCAGCGAAAGCAGCGAAAGC,35,CGGAAACGAGGGAAACCAGCGAAAGCAGCGAAAGC,41,V2
Eterna100_042_V2,042: Runner,.....((((.((((.....((((...)))).))))...(((..((((((...)))...)))((((((...)))...))).)))...(((...(((....))).))).)))).....,AAAAACUGGAGUACGAAAAGCCCAAAGGGCGGUACAAACGCGACCCGGGAAACCCAAAGGGGGCCUCAAAGAGAAAGCCGGCGAAAGCGGAAGCGGAAACGCGCGCACCAGAAAAC,116,AAAAACUGGAGUACGAAAAGCCCAAAGGGCGGUACAAACGCGACCCGGGAAACCCAAAGGGGGCCUCAAAGAGAAAGCCGGCGAAAGCGGAAGCGGAAACGCGCGCACCAGAAAAC,42,V2
Eterna100_043_V2,043: Recoil,.....(((((..((..((..(((..(((..((..((...)).)).))).))).)).)).))))).....................,AAAAACAUGGGACGGAGCGAGUGGACCGGAGCGAGCAAAGCGGCGCGGGCACGGCGCGGCCAUGAAAAAAAAAAAAAAAAAAAAA,85,AAAAACAUGGGACGGAGCGAGUGGACCGGAGCGAGCAAAGCGGCGCGGGCACGGCGCGGCCAUGAAAAAAAAAAAAAAAAAAAAA,43,V2
Eterna100_044_V2,044: [CloudBeta] An Arm and a Leg 1.0,.....(((.(((((....)).)))(((.((....))))).)))....................,AAAAAGGGAGAGCGGAAACGACUCGUGAGGGAAACCCACACCCAAAAAAAAAAAAAAAAAAAA,63,AAAAAGGGAGAGCGGAAACGACUCGUGAGGGAAACCCACACCCAAAAAAAAAAAAAAAAAAAA,44,V2
Eterna100_045_V2,045: [CloudBeta] 5 Adjacent Stack Multi-Branch Loop,(((((((((....))))(((((....)))))(((((....)))))((((....))))))))).,GUCGACUACGAAAGUAGGCACGGAAACGUGCGAUCGGAAACGAUCGAGGGAAACCUCUCGACA,63,GUCGACUACGAAAGUAGGCACGGAAACGUGCGAUCGGAAACGAUCGAGGGAAACCUCUCGACA,45,V2
Eterna100_046_V2,046: Triple Y,.....((((((((((((....))))((((....))))))))((((((((....))))((((....))))))))))))....................,AAAAAGUCUGCCCCCACGAAAGUGGCCCGGAAACGGGGGGCGGUUCUUGGAAACAAGCGGGGAAACCCGAACCAGACAAAAAAAAAAAAAAAAAAAA,97,AAAAAGUCUGCCCCCACGAAAGUGGCCCGGAAACGGGGGGCGGUUCUUGGAAACAAGCGGGGAAACCCGAACCAGACAAAAAAAAAAAAAAAAAAAA,46,V2
Eterna100_047_V2,047: Misfolded Aptamer,((((......(((((...))).((....)).........)).....)))),GGUGGAAAAAGCCGGAAACCGAGGGAAACCAAAAAAAAAGCGAAAACAUC,50,GGUGGAAAAAGCCGGAAACCGAGGGAAACCAAAAAAAAAGCGAAAACAUC,47,V2
Eterna100_048_V2,048: Flower power,.....((((((((...)))).((((((((...))))..((((...))))..((((...)))))))).((((...))))))))....................,AAAAACUUCGUUGAAACAGCAGCCCCUCGAAACGAGGAGAUGAAACAUCAAGACGAAACGUCGGGCAGGUCAAAGACCGAGGAAAAAAAAAAAAAAAAAAAC,102,AAAAACUUCGUUGAAACAGCAGCCCCUCGAAACGAGGAGAUGAAACAUCAAGACGAAACGUCGGGCAGGUCAAAGACCGAGGAAAAAAAAAAAAAAAAAAAC,48,V2
Eterna100_049_V2,049: Kudzu,.....(((.(..(.(((((.((((.((...)))).))))((((((...)).))))..(((...)))...))).)..).)))....................,AAAAAGGCGGGGGGGUGCGACCGCACGAAACGGCAGGCGGGUCCGAAACGAGGCCAAGCGAAACGCAAACACGCGGCGGCCAAAAAAAAAAAAAAAAAAAC,101,AAAAAGGCGGGGGGGUGCGACCGCACGAAACGGCAGGCGGGUCCGAAACGAGGCCAAGCGAAACGCAAACACGCGGCGGCCAAAAAAAAAAAAAAAAAAAC,49,V2
Eterna100_050_V2,"050: 1,2,3and4bulges",.....((((.(((((....))....))).(((....))).)).)).....((((.((((....))...)).(((....))).))..))....................,CAAAAGGGAAGCGAGGAAACUAAAACGCACGGGAAACCGAUCACCAAAAACCGCAGGACGAAAGUAAACCAGCCAAAAGGCAGCAAGGGAAAAGAAAAAAAAAAAAAA,108,CAAAAGGGAAGCGAGGAAACUAAAACGCACGGGAAACCGAUCACCAAAAACCGCAGGACGAAAGUAAACCAGCCAAAAGGCAGCAAGGGAAAAGAAAAAAAAAAAAAA,50,V2
Eterna100_051_V2,051: medallion,((((((.((((((....)))))).(((....))).(((....))).((((((....)))))).(((....))).((((((....)))))).(((....))).(((....))).((((((....)))))).(((....))).((((((....)))))).(((....))).(((....))).((((((....)))))).(((....))).((((((....)))))).(((....))).(((....))).((((((....)))))).(((....))).((((((....)))))).(((....))).(((....))).((((((....)))))).)))))),CGUCCCAGCGGGGGAAACCCUGCAGCCGAAAGGCAGAGGAAACUCAGACUUGGAAACGAGUCACUGGAAACAGAGCUUUGGAAACGAGGCAGUCGAAAGACAGGGGAAACCCAGCGAACGAAAGUUCGCACCGGAAACGGAGACCCCGAAAGGGGUCAGUGGAAACACAGAGGAAACUCAGUUAGCGAAAGCUAACAGUGGAAACACAGGGUUCGAAAGAACUCAGGGGAAACUCACUGGAAACAGAGUCGUGGAAACAUGACAGUGGAAACACAGGUGUGGAAACAUGCCAGGGGAAACCCAGGGGAAACCCAGAACGCGAAAGCGUUCAGGGACG,337,CGUCCCAGCGGGGGAAACCCUGCAGCCGAAAGGCAGAGGAAACUCAGACUUGGAAACGAGUCACUGGAAACAGAGCUUUGGAAACGAGGCAGUCGAAAGACAGGGGAAACCCAGCGAACGAAAGUUCGCACCGGAAACGGAGACCCCGAAAGGGGUCAGUGGAAACACAGAGGAAACUCAGUUAGCGAAAGCUAACAGUGGAAACACAGGGUUCGAAAGAACUCAGGGGAAACUCACUGGAAACAGAGUCGUGGAAACAUGACAGUGGAAACACAGGUGUGGAAACAUGCCAGGGGAAACCCAGGGGAAACCCAGAACGCGAAAGCGUUCAGGGACG,51,V2
Eterna100_052_V2,052: [RNA] Repetitious Sequences 8/10,((......((......))......(((......((......))......((......))......)))......)).....,GCGAAAAACCAGAAAAGGAAAAAACCCAGAAAACCAAAAAAGGAAAAAACGAAAAAACGAAAAAAGGGAUAGAGGCAACAA,81,GCGAAAAACCAGAAAAGGAAAAAACCCAGAAAACCAAAAAAGGAAAAAACGAAAAAACGAAAAAAGGGAUAGAGGCAACAA,52,V2
Eterna100_053_V2,053: Documenting repetitious behavior,.......((.........((.........((.........((.........((.........((.........((.........((.........((.........((.........((.........((.........((.........((.........((.........((.........((.........((.........)).........)).........)).........)).........)).........)).........)).........)).........)).........)).........)).........)).........)).........)).........)).........)).........)).........))......,AAAAAAACGGAAAAAAAAGGGAAAAAAAAGGGAAAAAAAAGGGAAAAAAAACGGAAAAAAAAGGGAAAAAAAAGGGAAAAAAAAGCGAAAAAAAAGGGAAAAAAAACGGAAAAAAAAGGGAAAAAAAAGGGAAAAAAAAGGGAAAAAAAAGGGAAAAAAAAGCGAAAAAAAAGGGAAAAAAAAGCGAAAAAAAACGGAAAAAAAACGGAAAAAAAAGCGAAAAAAAACCGAAAAAAAAGCGAAAAAAAACCGAAAAAAAACCGAAAAAAAACCGAAAAAAAACCGAAAAAAAACGGAAAAAAAACCGAAAAAAAAGCGAAAAAAAACCGAAAAAAAACCGAAAAAAAACGGAAAAAAAACCGAAAAAAAACCGAAAAAAAACCGAAAAAAAACGAAAAAA,400,AAAAAAACGGAAAAAAAAGGGAAAAAAAAGGGAAAAAAAAGGGAAAAAAAACGGAAAAAAAAGGGAAAAAAAAGGGAAAAAAAAGCGAAAAAAAAGGGAAAAAAAACGGAAAAAAAAGGGAAAAAAAAGGGAAAAAAAAGGGAAAAAAAAGGGAAAAAAAAGCGAAAAAAAAGGGAAAAAAAAGCGAAAAAAAACGGAAAAAAAACGGAAAAAAAAGCGAAAAAAAACCGAAAAAAAAGCGAAAAAAAACCGAAAAAAAACCGAAAAAAAACCGAAAAAAAACCGAAAAAAAACGGAAAAAAAACCGAAAAAAAAGCGAAAAAAAACCGAAAAAAAACCGAAAAAAAACGGAAAAAAAACCGAAAAAAAACCGAAAAAAAACCGAAAAAAAACGAAAAAA,53,V2
Eterna100_054_V2,054: 7 multiloop,(((((((((....)))))(((((....)))))(((((....)))))(((((....)))))(((((....)))))(((((....))))))))),GGUCCUGCGGAAACGUAGGUUCCGAAAGGAACGUCGCGAAAGCGACGGGGGGAAACCCUCCACCGGAAACGGUGCUCUGGAAACGGAGGGCC,92,GGUCCUGCGGAAACGUAGGUUCCGAAAGGAACGUCGCGAAAGCGACGGGGGGAAACCCUCCACCGGAAACGGUGCUCUGGAAACGGAGGGCC,54,V2
Eterna100_055_V2,055: Kyurem 7,.....((((((((((....)))(((....((((.(((.....))).((((((......)))...))))))))))))).))))....................,AAAAACUGGGGACUGGAAACAGGCGGAAACUUGAGGGGAAAACCCAGGCCCGGAAAAACGGAAAGCCCAAGCGCUCCACUAGAAAAAAAAAAAAAAAAAAAA,102,AAAAACUGGGGACUGGAAACAGGCGGAAACUUGAGGGGAAAACCCAGGCCCGGAAAAACGGAAAGCCCAAGCGCUCCACUAGAAAAAAAAAAAAAAAAAAAA,55,V2
Eterna100_056_V2,056: JF1,(((((((((((.(((((..(((((....((((((..(((((...(((((..((((((.((((((((((((((....))))))))))))))..(((....))).(((((((((....)))))))))..(((((....))))).)))))).))))).))))).))))))...((((((((.....))).)))))..((((((((((((((((((((((((....)))))))))))))).))))))))))...(((((......)))))((((((((((....))))))))))...((((....))))..)))))..))))).((((.(((.(((....)))))))))).(((((((((....))))).)))).)))).))).))))...,GUUCGUCCCUCAGAUCCGGCCGCGGAAAGCGUAGGAGUUUGGAACACAGGAGGUGGGAGUCCGGUGAAGAUGGAAACAUCUUCAUUGGGCAAGUGGAAACACAGACCGCUCGGAAACGAGCGGUCAAGUAUGGAAACAUGCACCCACCGCUGUGGCGAACGCUACGCAAAGGUGCGUGGAAAACGCAGCACCAAGUUCCUAGGCCGUGUAUAUUAGGGGAAACCCUAAUGUACACGAGCCUGGGAGCAAAGCCGGGAAAAACCGGCGCAUCGUCCGGAAACGGACGAUGCAAACAUGGAAACAUGAACGCGGGGGGGUCAGUAGACCCAGGGGAAACCCGGGCUGCAGGACCUCGCGAAAGCGGGAGUUCAGAGGAGGCAGAACAAC,387,GUUCGUCCCUCAGAUCCGGCCGCGGAAAGCGUAGGAGUUUGGAACACAGGAGGUGGGAGUCCGGUGAAGAUGGAAACAUCUUCAUUGGGCAAGUGGAAACACAGACCGCUCGGAAACGAGCGGUCAAGUAUGGAAACAUGCACCCACCGCUGUGGCGAACGCUACGCAAAGGUGCGUGGAAAACGCAGCACCAAGUUCCUAGGCCGUGUAUAUUAGGGGAAACCCUAAUGUACACGAGCCUGGGAGCAAAGCCGGGAAAAACCGGCGCAUCGUCCGGAAACGGACGAUGCAAACAUGGAAACAUGAACGCGGGGGGGUCAGUAGACCCAGGGGAAACCCGGGCUGCAGGACCUCGCGAAAGCGGGAGUUCAGAGGAGGCAGAACAAC,56,V2
Eterna100_057_V2,057: multilooping fun,(((.(..((.((....)).((....)).))..).(....).))),GCCAGGACCAGCGAAAGCAGCGAAAGCAGGGACACUACGGGGGC,44,GCCAGGACCAGCGAAAGCAGCGAAAGCAGGGACACUACGGGGGC,57,V2
Eterna100_058_V2,058: Multiloop...,((((.((((.(((....))).(((....))).(((....))).(((....))).(((....))).(((....))).)))).(((((......)))))(((....))))))),GAUGAGUUGACCCGAAAGGGAGACGAAAGUCAGCCGAAAGGCAGCGGAAACGCAGUGGAAACACACUGGAAACAGACAACAGUAUGGAAAAACAUACGCGGAAACGCCGUC,111,GAUGAGUUGACCCGAAAGGGAGACGAAAGUCAGCCGAAAGGCAGCGGAAACGCAGUGGAAACACACUGGAAACAGACAACAGUAUGGAAAAACAUACGCGGAAACGCCGUC,58,V2
Eterna100_059_V2,059: hard Y,.....((((((.((((((((....))))))).)))((((((((((....)))))))))))))).....,GAGCACCGCCGUCCCCGCCGAGAGCGGCGGGUGUGACGGCCCUCCAGCAGGAGGGCCGUGCGGAGAAC,68,GAGCACCGCCGUCCCCGCCGAGAGCGGCGGGUGUGACGGCCCUCCAGCAGGAGGGCCGUGCGGAGAAC,59,V2
Eterna100_060_V2,060: Mat - Elements & Sections,.....((((.(...(.((((.(.((((.((.((((.((.(((....))).).)))))).).))))....).)))).)...).))))....................,GAAGAGGUGGAGAGAGGAGGGCAUGGUGGGUGGCUAGUGUACGAAAGUAGGUCAGCCCAUGACCAAAAAGGCCUCGUAAGUGCACUAAAAAAAAAAAAAAGAAGAA,106,GAAGAGGUGGAGAGAGGAGGGCAUGGUGGGUGGCUAGUGUACGAAAGUAGGUCAGCCCAUGACCAAAAAGGCCUCGUAAGUGCACUAAAAAAAAAAAAAAGAAGAA,60,V2
Eterna100_061_V2,061: Chicken feet,.....((.((.((...)).((....))...)))).((.((.((...)).((....))...)))).....,AAAAAGCAGCAGGAAACCAGGGAAACCAAAGCGCAGGAGGAGCAAAGCAGGGAAACCAAACCCCAAAAA,69,AAAAAGCAGCAGGAAACCAGGGAAACCAAAGCGCAGGAGGAGCAAAGCAGGGAAACCAAACCCCAAAAA,61,V2
Eterna100_062_V2,062: Bug 18,.((.((.((.((..((..((.((...))..)).)).))..))..))....)).,AGCAGCACCACCGACCAAGCAGCAAAGCAAGCAGGAGGAAGGAAGCCGAAGCA,53,AGCAGCACCACCGACCAAGCAGCAAAGCAAGCAGGAGGAAGGAAGCCGAAGCA,62,V2
Eterna100_063_V2,063: Fractal star x5,.....((((((((..((((....))))..((((....))))..((((....))))..((((....))))..)))))))).....((((((((..((((....))))..((((....))))..((((....))))..((((....))))..)))))))).....((((((((..((((....))))..((((....))))..((((....))))..((((....))))..)))))))).....((((((((..((((....))))..((((....))))..((((....))))..((((....))))..)))))))).....((((((((..((((....))))..((((....))))..((((....))))..((((....))))..)))))))).....,AAAAAGGCCCUCGAAGCGGGAAACCGCAAGACGGAAACGUCAACAGCGAAAGCUGAAGCCGGAAACGGCAACGGGGGUCAAAAAGUUUUUUGAAGAGGGAAACCUCAACAGGGAAACCUGAAGUCCGAAAGGACAAGAUGGAAACAUCAACAGAAAACAAAAAGGCGGGUGAACGUGGAAACAUGAAGUGGGAAACCACAAGUAGGAAACUACAACUAGGAAACUGGAACACUCGCCAAAAAGGCGCGCCAAGGUGGAAACAUCAAGUCGGAAACGGCAAGGUGGAAACACCAAGAUGGAAACGUCAAGGCGUGCCAAAAAGUUAUUUGAACGUCGAAAGAUGAACUCGGAAACGAGAAGUUGGAAACAGCAAGAGGGAAACCUCAACAAAUAACAAAAA,400,AAAAAGGCCCUCGAAGCGGGAAACCGCAAGACGGAAACGUCAACAGCGAAAGCUGAAGCCGGAAACGGCAACGGGGGUCAAAAAGUUUUUUGAAGAGGGAAACCUCAACAGGGAAACCUGAAGUCCGAAAGGACAAGAUGGAAACAUCAACAGAAAACAAAAAGGCGGGUGAACGUGGAAACAUGAAGUGGGAAACCACAAGUAGGAAACUACAACUAGGAAACUGGAACACUCGCCAAAAAGGCGCGCCAAGGUGGAAACAUCAAGUCGGAAACGGCAAGGUGGAAACACCAAGAUGGAAACGUCAAGGCGUGCCAAAAAGUUAUUUGAACGUCGAAAGAUGAACUCGGAAACGAGAAGUUGGAAACAGCAAGAGGGAAACCUCAACAAAUAACAAAAA,63,V2
Eterna100_064_V2,064: Crop circle 2,((...((....((.....((.........((..............................))...............)).........)).......))....))....,CCGAACCGAAAGCAAAAACCAGAAAAAAAGCGAAAAAAGAAAAAAAAAAAAAAAAAAAGAAGCGAAAAAAAAAAAAAGGGGAAAAAAAGGCGAAAAAAGGAAAAGGAAAA,110,CCGAACCGAAAGCAAAAACCAGAAAAAAAGCGAAAAAAGAAAAAAAAAAAAAAAAAAAGAAGCGAAAAAAAAAAAAAGGGGAAAAAAAGGCGAAAAAAGGAAAAGGAAAA,64,V2
Eterna100_065_V2,065: Branching Loop,.(((((........)((((....))))..)))).......,GUGCUGGAGAAAAACGCGGGAAACCGCAUGGCAAAAAAAA,40,GUGCUGGAGAAAAACGCGGGAAACCGCAUGGCAAAAAAAA,65,V2
Eterna100_066_V2,066: Bug 38,.((.((.((..((.(...).)).))..))....)).,AGCAGCACGAACGGGAAACGCGACGAGGCCAAAGCA,36,AGCAGCACGAACGGGAAACGCGACGAGGCCAAAGCA,66,V2
Eterna100_067_V2,067: Simple Single Bond,......(......((((.....))))......)......................,GAAAAACGAAGAAUUGCAAAAAGCAGGAAGAAGGAAAAAAAAAAAAAAAAAAUAA,55,GAAAAACGAAGAAUUGCAAAAAGCAGGAAGAAGGAAAAAAAAAAAAAAAAAAUAA,67,V2
Eterna100_068_V2,068: Taraxacum officinale,((((....).))).((((....).))).((((....).))).((((....).))).((((....).))).((((....).))).((((((((((((((((((((((...)))).))))))).(((((..((((((((((..(((((((...))))))).))))))))))((((.((((((...)))))))))))))))...))))))))))).((((....).))).((((....).))).((((....).))).((((....).))).((((....).))),GGCCGUAAGUGCCAGCUCGAAAGAAGCAGCUCGAAAGAAGCAGGUCGUAAGAACCAGCCCGAAAGUGGCAGCCCGAAAGAGGCAGCCCCCCCCCCGCCCCCCCCCCAAAGGGGAGGGGGGCACCCCCAAUCCCCCCCCCAACCCCCGCAAAGCGGGGGAGGGGGGGGGACCCCACCGGGCAAAGCCCGGGGGGGGGGGAAAGGGGGGGGGGCAGCGCGAAAGACGCAUCCCGAAAGAGGAAGUCCGUAAGUGACAGUCCGUAAGUGACACCCCGUAAGUGGG,282,GGCCGUAAGUGCCAGCUCGAAAGAAGCAGCUCGAAAGAAGCAGGUCGUAAGAACCAGCCCGAAAGUGGCAGCCCGAAAGAGGCAGCCCCCCCCCCGCCCCCCCCCCAAAGGGGAGGGGGGCACCCCCAAUCCCCCCCCCAACCCCCGCAAAGCGGGGGAGGGGGGGGGACCCCACCGGGCAAAGCCCGGGGGGGGGGGAAAGGGGGGGGGGCAGCGCGAAAGACGCAUCCCGAAAGAGGAAGUCCGUAAGUGACAGUCCGUAAGUGACACCCCGUAAGUGGG,68,V2
Eterna100_069_V2,069: Headless Bug on Windshield,.((.((.....(((((...((.(((.........................))).))...))).))...)).)).(((..(((..((.......((....)).......)))))......))).(((((.......(((..((..(((..((.(((...............)))..))..)))..)).)))..))..))).,GCCACGAAGAACCCCCACACCACCCAAAAAGAAAAAAAAAAGAAAAAAAAGGGAGGAAAGGGAGGAAACGAGGACCCAACCGAACCAAAAAAACCAAAAGGAAAAAAAGGCGGAAAAAAGGGAGCGCCGAGAAAACCCAGCCAACCCAACCAACCAAAAAAGAAAAAAAAGGUGAGGAAGGGAAGGGGGGAAGGACCGCA,200,GCCACGAAGAACCCCCACACCACCCAAAAAGAAAAAAAAAAGAAAAAAAAGGGAGGAAAGGGAGGAAACGAGGACCCAACCGAACCAAAAAAACCAAAAGGAAAAAAAGGCGGAAAAAAGGGAGCGCCGAGAAAACCCAGCCAACCCAACCAACCAAAAAAGAAAAAAAAGGUGAGGAAGGGAAGGGGGGAAGGACCGCA,69,V2
Eterna100_070_V2,070: Pokeball,...(((((((....((..((..(((..((..((..((..((..((..((...)).))..)).)).))..)).))).)).)))))))))........(((((((....((..((..(((..((..((..((..((..((..((...)).))..)).)).))..)).))).)).)))))))))...,AUACCCCCCGAAAACCAACCAACCCGACCAAACAAGCAACCAACCAAGCAAUGCGGGAAGGCGCAGUAAGGAGGGAGGAGGCGGGGGGAGGAAAAACCCCCUCAAAACCAACGAAGCCGACCGACCGAGGAACCAACCAAGGAAACCGGGAAGGGCCAGGAAGGAGGCACGAGGGAGGGGGAAA,184,AUACCCCCCGAAAACCAACCAACCCGACCAAACAAGCAACCAACCAAGCAAUGCGGGAAGGCGCAGUAAGGAGGGAGGAGGCGGGGGGAGGAAAAACCCCCUCAAAACCAACGAAGCCGACCGACCGAGGAACCAACCAAGGAAACCGGGAAGGGCCAGGAAGGAGGCACGAGGGAGGGGGAAA,70,V2
Eterna100_071_V2,071: Variation of a crop circle,....((....((....((....((..((..((...))..))....))......)).......)).........)).............,AAAGGCGAAUCCGAAAACGAAAGCGAUGGACUAAAGGGACAGAAAGUGAAAAAGUGAAAAAAGGUAAAAAAAAGCGAAAAAAAAAAAA,88,AAAGGCGAAUCCGAAAACGAAAGCGAUGGACUAAAGGGACAGAAAGUGAAAAAGUGAAAAAAGGUAAAAAAAAGCGAAAAAAAAAAAA,71,V2
Eterna100_072_V2,072: Loop next to a Multiloop,..((((((((.......(.((((((....)))))).(((((((....))))))).).......))))))))..,GAAACUGCGUGAAAGAAGGGACCCGGAAAUGGGUCAGCUCCGUGAAAACGGAGCACGAAAAAAGCGCAGUUAA,73,GAAACUGCGUGAAAGAAGGGACCCGGAAAUGGGUCAGCUCCGUGAAAACGGAGCACGAAAAAAGCGCAGUUAA,72,V2
Eterna100_073_V2,073: Snowflake 4,((((...))))(((((((....))(((((..(((((((....))(((((((((...))))..((((...)))))))))((....)))))))..(((((((....))(((((((((...))))..((((...)))))))))((....)))))))..(((((((....))(((((((((...))))..((((...)))))))))((....)))))))..(((((((....))(((((((((...))))..((((...)))))))))((....)))))))..(((((((....))(((((((((...))))..((((...)))))))))((....)))))))..)))))((....)))))))((((...)))),GGGGAUACCUCGUGGCUGGAAACACCUCGAACGCACUCGGAAGAAACGGCCGGAUACCGGGAGCUCAAAGAGCCCGUUGGGAAACCGUGCGACGAUAGGGGAAACCGUUGACGCGAAACGCGAUGCUCAAAGAGCUCAACUCGAAAGACUAUCAAGCCCUCCAAAAGGGACUGCCGGAAACUGGUACGCCAAAGGCGCAGUCGGGAAACCAGGGCAAGCGACGGGAAACCGGCCUGCAGAAACUGCUCGGUCGAAGACCAGGCCCUGAGAAGGUCGCAAUUCCUCGGAAACGGCGUGCAUCAAAGAUGAUAACGAAACGUUCACGCGCAACAGCAGGAAAACGAGGGCGAAAGCGCCACGUGCAAAGCAC,370,GGGGAUACCUCGUGGCUGGAAACACCUCGAACGCACUCGGAAGAAACGGCCGGAUACCGGGAGCUCAAAGAGCCCGUUGGGAAACCGUGCGACGAUAGGGGAAACCGUUGACGCGAAACGCGAUGCUCAAAGAGCUCAACUCGAAAGACUAUCAAGCCCUCCAAAAGGGACUGCCGGAAACUGGUACGCCAAAGGCGCAGUCGGGAAACCAGGGCAAGCGACGGGAAACCGGCCUGCAGAAACUGCUCGGUCGAAGACCAGGCCCUGAGAAGGUCGCAAUUCCUCGGAAACGGCGUGCAUCAAAGAUGAUAACGAAACGUUCACGCGCAACAGCAGGAAAACGAGGGCGAAAGCGCCACGUGCAAAGCAC,73,V2
Eterna100_074_V2,074: Mat - Cuboid,(..((....((..((....((..((....(..((..((....((..((..((....(..((..((..((....((..((..((..((....((..((..((..((..((....((..((..((..((..((....((..((..((..((..((..((....((..((..((..((..((..((....((..((..((..((..((..((......))..))..))..))..))..))))..))..))..))..))..))))..))..))..))..))..))))..))..))..))..))))..))..))..))..))))..))..))..))))..))..))..)))..))..))))..))..)))..))))..))))..),GGACCAAAAGCAACCAAAACCAGCCAGAAGAACCAACCAAAACCAACCGACCAAAACAACCAACCAACGAAAACCAACCAAGCAACCAAAACCAACGAACCAACCAAGCAAAACCAACCAGCCAGCGAAGAAAAACCAGGCAACGAACGAACCAACCAAAACCAAGGAACCAACCAGCCAACCAAAACCAAGCGACCGACGAACCGGCCGAAAAAGGAAGGAACGAAGGAAGCAAGGGGAGGGAAGGAAGGGACCAAGGGGAAGGAACGAACGAAGCAAGGUCAACGAAGGAAGGAAGGGCAAGGAAGGAACGGGGGGGAAGCGAGGAGGGCGAAGGAAGGAGGGGAAGGAAGGGGAAGGAGCGGAAGGGGAAGCGGGAC,380,GGACCAAAAGCAACCAAAACCAGCCAGAAGAACCAACCAAAACCAACCGACCAAAACAACCAACCAACGAAAACCAACCAAGCAACCAAAACCAACGAACCAACCAAGCAAAACCAACCAGCCAGCGAAGAAAAACCAGGCAACGAACGAACCAACCAAAACCAAGGAACCAACCAGCCAACCAAAACCAAGCGACCGACGAACCGGCCGAAAAAGGAAGGAACGAAGGAAGCAAGGGGAGGGAAGGAAGGGACCAAGGGGAAGGAACGAACGAAGCAAGGUCAACGAAGGAAGGAAGGGCAAGGAAGGAACGGGGGGGAAGCGAGGAGGGCGAAGGAAGGAGGGGAAGGAAGGGGAAGGAGCGGAAGGGGAAGCGGGAC,74,V2
Eterna100_075_V2,075: Misfolded Aptamer 6,......(((......((((..(....(((........)))....).....)))).......)))...........,AAAAAACGGGAAAAACCACGAGGAAAGUCGAAAAAAAGACGAAACGAAAAGUGGGAAAAAACCGAAAAAAAAAAA,75,AAAAAACGGGAAAAACCACGAGGAAAGUCGAAAAAAAGACGAAACGAAAAGUGGGAAAAAACCGAAAAAAAAAAA,75,V2
Eterna100_076_V2,076: Snowflake 3,(((((....)).((((((....)))..((((.((((..(((....)))(((.((....))(((...)))((....)).)))(((....)))..)))).((((..(((....)))(((.((....))(((...)))((....)).)))(((....)))..)))).((((..(((....)))(((.((....))(((...)))((....)).)))(((....)))..)))).((((..(((....)))(((.((....))(((...)))((....)).)))(((....)))..)))).((((..(((....)))(((.((....))(((...)))((....)).)))(((....)))..)))).))))..(((....)))))).((....))))),GGCCCGAAAGGACGCGUGGAAACACAAGGGUACCCUAGGACGAAAGUUGGCAGCGAAAGCGAGAAACUCAGGAAACUAGCCGCGGAAACGCAAAGGGAGAUCAACGGAAAACCGGCCACCGAGAGGGUCAAAGACGGGAAACCAGGCGACAAAAGUCAAGAUCAGGUCAACGGGAAACCGGGCACAGAAAUGGGCAAAGCCGCGAAAGCAGCCGUGGAAACACUAGACCAGGCCAAUUGGAAACAACUCACGGAAACGGCAAAAUGCGCGAAAGCAGAGGAGGAAACUCAAGGCCACGGUAGGGCAAGAGCCGGCACCGAAAGGGUCAAAGACGGGAAACCAGCCCAGGAAACUGAAACCGAACCCAGUGCGAAAGCAGCGAGGGAAACCGCC,393,GGCCCGAAAGGACGCGUGGAAACACAAGGGUACCCUAGGACGAAAGUUGGCAGCGAAAGCGAGAAACUCAGGAAACUAGCCGCGGAAACGCAAAGGGAGAUCAACGGAAAACCGGCCACCGAGAGGGUCAAAGACGGGAAACCAGGCGACAAAAGUCAAGAUCAGGUCAACGGGAAACCGGGCACAGAAAUGGGCAAAGCCGCGAAAGCAGCCGUGGAAACACUAGACCAGGCCAAUUGGAAACAACUCACGGAAACGGCAAAAUGCGCGAAAGCAGAGGAGGAAACUCAAGGCCACGGUAGGGCAAGAGCCGGCACCGAAAGGGUCAAAGACGGGAAACCAGCCCAGGAAACUGAAACCGAACCCAGUGCGAAAGCAGCGAGGGAAACCGCC,76,V2
Eterna100_077_V2,077: Hard Y and a bit more,.....(((((((.(((((....)))).)))(((((.((..((((....))))..(((((......)))))..)).))))))))))....................,GAGUACCCCCCGUCCUCCGAUUGGAGUGUGGCCCGCGCAACCCCAGAAGGGGACCCCGCAGAGAAGCGGGAAGCACGGGCGGGGGCAAAAAAAAAAAAAGGAAGA,105,GAGUACCCCCCGUCCUCCGAUUGGAGUGUGGCCCGCGCAACCCCAGAAGGGGACCCCGCAGAGAAGCGGGAAGCACGGGCGGGGGCAAAAAAAAAAAAAGGAAGA,77,V2
Eterna100_078_V2,078: Mat - Lot 2-2 B,((..(((..((((..((....((..((((....))....))..))))..))....))..))((..((..((..((((..((....((..((((..((....((....))))..))....))..))))..))((..((..((....))((..((((..((....((..((((....))....))..))))..))....))..))))..))..))..))((..((....((..((((..((....((....))))..))....))..))))..))))..))..)..)),GGGACGCGACGCCGACCAAAAGCGACCCCGAAAGGAAAAGGGAGCGGGAGGAAAACGGAGCGCGAGCAAGGGACGCGGAGGAAAAGGGAGCGCGACGAAAACCGAAAGGCGGAGCAAAAGCGACCCCGACGGCGACCAACGGAAACGGCGACCCCGACCAAAAGCGACCCCGAAAGGAAAAGGGAGCGGGAGGAAAAGGGAGCGGGAGCAACGGACCGGGACCAAAAGCGAGGCGGAGGAAAAGCGAAAGCCCGACGAAAACCGAGCGGGACCGCGAGCAAGGACC,286,GGGACGCGACGCCGACCAAAAGCGACCCCGAAAGGAAAAGGGAGCGGGAGGAAAACGGAGCGCGAGCAAGGGACGCGGAGGAAAAGGGAGCGCGACGAAAACCGAAAGGCGGAGCAAAAGCGACCCCGACGGCGACCAACGGAAACGGCGACCCCGACCAAAAGCGACCCCGAAAGGAAAAGGGAGCGGGAGGAAAAGGGAGCGGGAGCAACGGACCGGGACCAAAAGCGAGGCGGAGGAAAAGCGAAAGCCCGACGAAAACCGAGCGGGACCGCGAGCAAGGACC,78,V2
Eterna100_079_V2,079: Shapes and Energy,......(.((((.((((....(...((((.(....).))))...)))))..((......((((....)))))).)))).).....................,GGUAAAGGGACCAGGGGAAAUGAAGUGCUGCGAAAGGAGCAAAGCCCCCAGGCAAAAAAGCGCUAAUGCGUGCGGGUCGCAAAAGAAACAACAACAACAAC,101,GGUAAAGGGACCAGGGGAAAUGAAGUGCUGCGAAAGGAGCAAAGCCCCCAGGCAAAAAAGCGCUAAUGCGUGCGGGUCGCAAAAGAAACAACAACAACAAC,79,V2
Eterna100_080_V2,080: Spiral of 5's,(....(((((...(((((...(((((....(((((...(((((...(((((..(((((....(((((...(((((...(((((..(((((...(((((...(((((..(((((...(((((..(((((..(((((..(((((..(((((.(((((.((((((((((.....))))).....))))).....))))).....))))).....))))).....))))).....))))).....))))).....))))).....))))).....))))).....))))).....))))).....))))).....))))).....))))).....))))).....))))).....))))).....))))).....))))).....)))))....).....,GGAAAACCCGGAACCUCCAGACCCCCGAUACCCCCAGACCCCCAAACGCCCAGCCGAAAAAGCCGCCGAACGACCGAACCCCCAACCUGCAGAACGUAAAACGUGUAGAGCCCAAACCCCCAACCGGAAACCCACAGUCCUCAAAUCCCGCCCCCGCCCCGCCCGGAAAAACCGGGAAAAACGGGGAAAAAGGGGGGAAAAGGGAUAAAAAGAGGAAAAAAGUGGGAACAAUCCGGAAUAAGGGGGAAAAAGGGCUAAAAAACACGGAAAAUACGUAAAUAGCAGGAAUAAGGGGGAAAAAGGUCGAAAAAGGCGGAAAAAUUCGGAGAAAGGGCGAAAAAGGGGGAAAAAGGGGGAAAAAGGGGGAAGAAGGAGGAAAAACGGGUGAAACAAAAA,396,GGAAAACCCGGAACCUCCAGACCCCCGAUACCCCCAGACCCCCAAACGCCCAGCCGAAAAAGCCGCCGAACGACCGAACCCCCAACCUGCAGAACGUAAAACGUGUAGAGCCCAAACCCCCAACCGGAAACCCACAGUCCUCAAAUCCCGCCCCCGCCCCGCCCGGAAAAACCGGGAAAAACGGGGAAAAAGGGGGGAAAAGGGAUAAAAAGAGGAAAAAAGUGGGAACAAUCCGGAAUAAGGGGGAAAAAGGGCUAAAAAACACGGAAAAUACGUAAAUAGCAGGAAUAAGGGGGAAAAAGGUCGAAAAAGGCGGAAAAAUUCGGAGAAAGGGCGAAAAAGGGGGAAAAAGGGGGAAAAAGGGGGAAGAAGGAGGAAAAACGGGUGAAACAAAAA,80,V2
Eterna100_081_V2,081: Campfire,....((((..(((((..((((..((((.....))))((((((...))).)))))))((((((.((.((.(((((....)).)))))))(((((.((.((.((....))))))(((((.(((....)).))).)))..)).)))))).))))))))(((.(((.(((.((((....))))))))))((((((((...))).)).))).))))))),CAAAGGCCAAUCCCGAACCACAGGCUCGAAAAGGGCGCAACCAAAGGUCUGCGUGGCGGAGUACGACGAGCUGCGAAAGCAAGCCGCGGCCCCAUGAGCACCGAAAGGGCCAGCGCUAGUGGAAACGUCAGACGCAAGGAGGCACUACCGCGGGACUCACCUACGGACUCGGAAACGAGCCGAGGGUCUCCUGAUACAGUGAUGACAGAGGGUC,214,CAAAGGCCAAUCCCGAACCACAGGCUCGAAAAGGGCGCAACCAAAGGUCUGCGUGGCGGAGUACGACGAGCUGCGAAAGCAAGCCGCGGCCCCAUGAGCACCGAAAGGGCCAGCGCUAGUGGAAACGUCAGACGCAAGGAGGCACUACCGCGGGACUCACCUACGGACUCGGAAACGAGCCGAGGGUCUCCUGAUACAGUGAUGACAGAGGGUC,81,V2
Eterna100_082_V2,082: Anemone,...((((((....))))))(((((....)))))((((((....))))))(((((....)))))((((((....))))))(((((....)))))(((((....)))))((((((....)))))).(((((....)))))((((((....))))))(((((....)))))((((((....))))))(((((....)))))((((((....)))))),AAAGGUUCGGAAACGAGCCGAUGGGAAACCAUCGGUCAGGAAACUGGCCGAGGGGAAACCCUCGCACAGGAAACUGUGCGUAACGAAAGUUACCGUGCGAAAGCACGCGCCCCGAAAGGGGUGACUGGGGAAACCCGGGAUUAGGAAACUAAUCGGGCGGAAACGCCCGUUUUGGAAACAAGACGUUGGGAAACCAACGCGUCCGAAAGGACGC,214,AAAGGUUCGGAAACGAGCCGAUGGGAAACCAUCGGUCAGGAAACUGGCCGAGGGGAAACCCUCGCACAGGAAACUGUGCGUAACGAAAGUUACCGUGCGAAAGCACGCGCCCCGAAAGGGGUGACUGGGGAAACCCGGGAUUAGGAAACUAAUCGGGCGGAAACGCCCGUUUUGGAAACAAGACGUUGGGAAACCAACGCGUCCGAAAGGACGC,82,V2
Eterna100_083_V2,083: Fractal 3,.....((((.(((.((....))((....)).))).(((.((....))((....)).))).(((.((....))((....)).))).(((.((....))((....)).))).)))).....,CAAAGCUACACCCACCGAAAGGGCGAAAGCAGGGAGUCAGGGAAACCGCGAAAGCAGACAGGCAGGGGAACCGCGAAAGCAGCCAGCCAGGGAAACCGAGAGAUCAGGCAGUAGGAAAA,119,CAAAGCUACACCCACCGAAAGGGCGAAAGCAGGGAGUCAGGGAAACCGCGAAAGCAGACAGGCAGGGGAACCGCGAAAGCAGCCAGCCAGGGAAACCGAGAGAUCAGGCAGUAGGAAAA,83,V2
Eterna100_084_V2,084: Kyurem 5,.....((((((((((....)))(((....((((((((...(((.....)))))))(((......))).))))))))))..))))....................,AAAAAGCCCCCCCUGGAAACAGGCCGAAACCCCCACCAAAGCGGAAAACGCGGUGCUCGAAAAAGGGAGGGGGGCGGGAAGGGCAAAAAAAAAAAAAAAAAAAA,104,AAAAAGCCCCCCCUGGAAACAGGCCGAAACCCCCACCAAAGCGGAAAACGCGGUGCUCGAAAAAGGGAGGGGGGCGGGAAGGGCAAAAAAAAAAAAAAAAAAAA,84,V2
Eterna100_085_V2,085: Snowflake Necklace ( or v2.0 ),(((((((((((((((.(((((.((.....)).((.....)).((.....)).((.....)).((.....)).))))).(((.....))).(((((.((.....)).((.....)).((.....)).((.....)).((.....)).))))).(((.....))).(((((.((.....)).((.....)).((.....)).((.....)).((.....)).))))).(((.....))).(((((.((.....)).((.....)).((.....)).((.....)).((.....)).))))).(((.....))).(((((.((.....)).((.....)).((.....)).((.....)).((.....)).))))).))))))))))))))),GAAUCGGUUUGGUGCAGAUCGACGGAAAACGACCGAAAAGGAGCGAAAAGCAGGGAAAACCAGGGAAAACCACGAUCAGUGGAAAACACAGAUUCAGCGAAAAGCAGGGAAAACCACGGAAAACGAGCGAAAAGCAGGGAAAACCAGGGUCAGGGGAAAACUCAGCAGGAGGGAAAACCAGCGAAAAGCACCGAAAAGGACGGAAAACGACGGAAAACGACCUGCACAGGAAAACUGAGUAGGAGCGAAAAGCAGGGAAAACCACGGAAAACGAGCGAAAAGCAGGGAAAACCACCUACAGGCGAAAAGCCAGGUUCACGGAAAACGAGGGAAAACCAGGGAAAACCACCGAAAAGGAGCGAAAAGCAGGACCAGCACCAAACUGAUUC,389,GAAUCGGUUUGGUGCAGAUCGACGGAAAACGACCGAAAAGGAGCGAAAAGCAGGGAAAACCAGGGAAAACCACGAUCAGUGGAAAACACAGAUUCAGCGAAAAGCAGGGAAAACCACGGAAAACGAGCGAAAAGCAGGGAAAACCAGGGUCAGGGGAAAACUCAGCAGGAGGGAAAACCAGCGAAAAGCACCGAAAAGGACGGAAAACGACGGAAAACGACCUGCACAGGAAAACUGAGUAGGAGCGAAAAGCAGGGAAAACCACGGAAAACGAGCGAAAAGCAGGGAAAACCACCUACAGGCGAAAAGCCAGGUUCACGGAAAACGAGGGAAAACCAGGGAAAACCACCGAAAAGGAGCGAAAAGCAGGACCAGCACCAAACUGAUUC,85,V2
Eterna100_086_V2,086: Methaqualone C16H14N2O Structural Representation,.......((((.((((.(((.(((....))).(((.(((....))).(((.(((....))).(((.(((....))).(((......))).))).))).))).))).(....).)))).((((...(((.(((...((....))........))).(((.(((....)))(((....)))(((....)))))).)))...((((.(....).(((.(((.(((.(((.(((...(((....))).))).(((....))).))).(((....))).))).(((....))).))).((((((....)))(((....))).(((....)))))).))).))))...)))).)))).......,AAAAAAAGGGCAGCGCAGCGAGCGGAAACGCAGCCACGAGAAAUCGAGCCACCCGAAAGGGAGCCAGCCGAAAGGCAGCCGAAAAAGGCAGGCAGGCAGGCACGCAGGAAACAGCGCAGACCAAACCCAGGCGAAGCGAAAGCGAAAAAAAGCCACCCACCCGAAAGGGCCAGAAAUGGGGCGAAAGCCGGGAGGGAAAGAGCAGGAAACAGCGAGGGAGCGAGGCAGCAAAAGGCGAAAGCCAUGCAGUCGAAAGACAGCCAGCGGAAACGCACGCAGGAGAAAUCCACCCAGCCGCCGAAAGGCCUCGAAAGAGACCCGAAAGGGGGCACGCAGCUCAAAGGUCAGCCCAAAAAAA,358,AAAAAAAGGGCAGCGCAGCGAGCGGAAACGCAGCCACGAGAAAUCGAGCCACCCGAAAGGGAGCCAGCCGAAAGGCAGCCGAAAAAGGCAGGCAGGCAGGCACGCAGGAAACAGCGCAGACCAAACCCAGGCGAAGCGAAAGCGAAAAAAAGCCACCCACCCGAAAGGGCCAGAAAUGGGGCGAAAGCCGGGAGGGAAAGAGCAGGAAACAGCGAGGGAGCGAGGCAGCAAAAGGCGAAAGCCAUGCAGUCGAAAGACAGCCAGCGGAAACGCACGCAGGAGAAAUCCACCCAGCCGCCGAAAGGCCUCGAAAGAGACCCGAAAGGGGGCACGCAGCUCAAAGGUCAGCCCAAAAAAA,86,V2
Eterna100_087_V2,087: Cat's Toy 2,....((((((((....((..(...................)..(((...((....))...((....))........))).......))))))))))....,AAAAGCCGCCCUUAAAGGGAGGAAAAAAAAAAAAAAAAAACAAGGCGAAGCGAAAGUAAACCGAAAGGAAAAAAAGGCCAAAAAAACCAGGGCGGCAAAA,100,AAAAGCCGCCCUUAAAGGGAGGAAAAAAAAAAAAAAAAAACAAGGCGAAGCGAAAGUAAACCGAAAGGAAAAAAAGGCCAAAAAAACCAGGGCGGCAAAA,87,V2
Eterna100_088_V2,088: Zigzag Semicircle,....(((((((((.((....))).)).).)))))....,AAAUAGCCCCCGGCGAAAAAUCCAUGAGUGGGCUUUAA,38,AAAUAGCCCCCGGCGAAAAAUCCAUGAGUGGGCUUUAA,88,V2
Eterna100_089_V2,089: Short String 4,......((.((..((..(...(.((.((....))))..)...(.((..((....))..))..)...).))..)))).....................,GGAAAAGCAGGGACUGACAAAGAGGACGGAAACGCUGACAAAGAGGAGCCGAAAGGAGCUGACAAAGAGGGACCGCAAAAGAAACAACAACAACAAC,97,GGAAAAGCAGGGACUGACAAAGAGGACGGAAACGCUGACAAAGAGGAGCCGAAAGGAGCUGACAAAGAGGGACCGCAAAAGAAACAACAACAACAAC,89,V2
Eterna100_090_V2,090: Gladius,((....))..(...(...(..(.(..(...(((.(((...((((....)))).((((((.((((((.((((((.((((((.((((((((((.((((((.(((((.((((.((((..((((...)))).))).)))))).))))).)))))).)))))))).)))))).)))))).)))))).))))))).)))...(((.(((((.(..((((.(..((((.(..((((.(..(((((((.((((((.(((((.((((((.(((.((((((....))))))..)))).)))).))))).)))))).)))))))).)..)))).)..)))).)..)))).)..))))).((((....))))...))).)))...)..).)..)...)...)..((....)),GCGAAAGCAAGGAGCGAAGGACGGGACGAACCCAGCCAAAGCCCGAAAGGGCAGCCCCGUCCCCCGUGUCCCGUGUCGGGUGUCCGCCCGGUGCCCCCAUGGCCAUGCGUCCCGGAGCGCAAAGCGCACGGUGUGCGGUGCCGGUGGGGCCAUGGGCGGGUCCCCGGUCCGGGGUCCGGGGUGUGGGGCAGGCAAAGCGAGGCCCGCGAUGCCGCGAUGGCGCGAUGCCGCGAUGUUGCGUCCCCCGUCCCCGUCCCGGGUGGCACGGGGGGAAACCCCCGGAGCCCAUCGGUGUGGGUGUGGGGUGUGCAACGAGAGGGCGAGAGGCCGAGAGGGCGAGAGGGGCCAGGCCGAAAGGCCAAACGCAGGGGAAGGACGGGACGAAGGAACAAGGGAAACC,400,GCGAAAGCAAGGAGCGAAGGACGGGACGAACCCAGCCAAAGCCCGAAAGGGCAGCCCCGUCCCCCGUGUCCCGUGUCGGGUGUCCGCCCGGUGCCCCCAUGGCCAUGCGUCCCGGAGCGCAAAGCGCACGGUGUGCGGUGCCGGUGGGGCCAUGGGCGGGUCCCCGGUCCGGGGUCCGGGGUGUGGGGCAGGCAAAGCGAGGCCCGCGAUGCCGCGAUGGCGCGAUGCCGCGAUGUUGCGUCCCCCGUCCCCGUCCCGGGUGGCACGGGGGGAAACCCCCGGAGCCCAUCGGUGUGGGUGUGGGGUGUGCAACGAGAGGGCGAGAGGCCGAGAGGGCGAGAGGGGCCAGGCCGAAAGGCCAAACGCAGGGGAAGGACGGGACGAAGGAACAAGGGAAACC,90,V2
Eterna100_091_V2,091: Thunderbolt,((..(((((........(.((..((.(.....(....).((((((((.........((......((((.....))))......))...((..((.......(..(......)..)..((..((.....((....)).((((.....(((.....(..((.(...).))..).....))).((((...(.......(..(.((...)).)..).......)...))))........)))).....((((((...)))))).))..))...........))..)).........(..((((....))((((((.....(........).....))))))..))..)...))))))))........).))..)).).....(.......).)))))..)).,GUGACAGAUAAAAAAAAGGGCGGGUGGCAAACGGACACAGGUCACCGGAAAAGAAAACGAGAAUCGACAAAAAGUCGCAAAAAGUAAAGGGAGAAAAAAAACAGGGAAAGACAGGAAGCAGGCAAAAACGGAAACGACACGAAAAACUGGAAAGGGAUGGCAAAGGCAGACAAAAACAGAGAGUGAAGGAAAAAAGAAUGGGACACCGAGGCGAAAAAACGGAACUCAAAAAAAACGUGAGAAAUUCGACAAAGUCGAAAGCAGGCGGAAAGAAAAAUCGACCAAAAAGAAAGGGGGGCGAAAGCGAUUAAAAAAGCAAAAAAAAGAAAAAUUAAUCUACCAACAAACGGUGACCAAAAAAAACGACAAGCGCAAAAAGGAAAAAACAAUCUGGUACA,398,GUGACAGAUAAAAAAAAGGGCGGGUGGCAAACGGACACAGGUCACCGGAAAAGAAAACGAGAAUCGACAAAAAGUCGCAAAAAGUAAAGGGAGAAAAAAAACAGGGAAAGACAGGAAGCAGGCAAAAACGGAAACGACACGAAAAACUGGAAAGGGAUGGCAAAGGCAGACAAAAACAGAGAGUGAAGGAAAAAAGAAUGGGACACCGAGGCGAAAAAACGGAACUCAAAAAAAACGUGAGAAAUUCGACAAAGUCGAAAGCAGGCGGAAAGAAAAAUCGACCAAAAAGAAAGGGGGGCGAAAGCGAUUAAAAAAGCAAAAAAAAGAAAAAUUAAUCUACCAACAAACGGUGACCAAAAAAAACGACAAGCGCAAAAAGGAAAAAACAAUCUGGUACA,91,V2
Eterna100_092_V2,092: Mutated chicken feet,.......((.((.((....)).((...))...)))).((.((.((....)).((...))...)))).((.((.((....)).((...))...)))).......,AAAAAAAGCACCAGGAAAACCAGCAAAGCAAAGGGCAGGAGGAGGGAAACCAGCAAAGCAAACCCCAGGACCACGGAAACGAGCAAAGCAAAGGCCACAAAAA,103,AAAAAAAGCACCAGGAAAACCAGCAAAGCAAAGGGCAGGAGGAGGGAAACCAGCAAAGCAAACCCCAGGACCACGGAAACGAGCAAAGCAAAGGCCACAAAAA,92,V2
Eterna100_093_V2,093: Chicken Tracks,........(((((((((((....))))..((((....))))..((((....)))))))))))..(((((((...))))..((((...))))..((((...))))))).........,AAAAAAAACUGCAUGCCGCGAAAGUGGGAGUGGGAAACCACAAGCUGGAAACAGCCAUGCAGAAGACCAUCAAAGAUGAAGAUGAAACAUCAAGUAGAAACUACGUCAAAAAAAAC,116,AAAAAAAACUGCAUGCCGCGAAAGUGGGAGUGGGAAACCACAAGCUGGAAACAGCCAUGCAGAAGACCAUCAAAGAUGAAGAUGAAACAUCAAGUAGAAACUACGUCAAAAAAAAC,93,V2
Eterna100_094_V2,094: Looking Back Again,(((..(((((((.....((((((...)))))).))))..((((((..(((...)))))).(((((...((((....))))....)))))..)))..)))..(((((((.....(((((....)))))......)))((((((((((...)))))(((((...)))))((((((((..(..(..(..(..(..((((....))))..).)..))..).))(((....)))..))))))...))))))))).(((((.((((......(((((((........((((.....))))))))...))).))))((((......((((((((....))))))..(((((...)).(((((...)))))..)))))....)))))))))...))),CCCAAGACACUGCAAAGCCACGCAAAGCGUGGACAGUACGAGGGCAGGCCAAAGGCGCCAGUGGGGAUGAAAGAAAUUUCUAAGCCCGCAACUCAAGUCAACGACGGCAAAAUGGAGGGAAACUUCCUAAAAGGCCUGACCGUCUGAAACAGACUACUGAAAUAGUAGCGUGCGGGAGGACAAGAGGGACGAUCGGGAAACCGAGAGACAGCGGACACCAUCAAAAGAUAGGCACGCAAUGGUCAGUCGAGGUGAAGCAGAAAAAGGUCCAGGCAAAAAAAAGCAGAAAAUGCUCCUGUAAGACACUGCGGGGGAAAAGGCGGCCGAGAAAUCGGCCUCGGGGCAAAGCAGCUCGAAACGAGCAACCCGCAAAACCCCUCACCAAAGGG,389,CCCAAGACACUGCAAAGCCACGCAAAGCGUGGACAGUACGAGGGCAGGCCAAAGGCGCCAGUGGGGAUGAAAGAAAUUUCUAAGCCCGCAACUCAAGUCAACGACGGCAAAAUGGAGGGAAACUUCCUAAAAGGCCUGACCGUCUGAAACAGACUACUGAAAUAGUAGCGUGCGGGAGGACAAGAGGGACGAUCGGGAAACCGAGAGACAGCGGACACCAUCAAAAGAUAGGCACGCAAUGGUCAGUCGAGGUGAAGCAGAAAAAGGUCCAGGCAAAAAAAAGCAGAAAAUGCUCCUGUAAGACACUGCGGGGGAAAAGGCGGCCGAGAAAUCGGCCUCGGGGCAAAGCAGCUCGAAACGAGCAACCCGCAAAACCCCUCACCAAAGGG,94,V2
Eterna100_095_V2,095: Multilooping 6,..(((((((((((((....)))))(((((....))))))))((((((((....)))))(((((....)))))))))))))..,AACUCGUGCCCUCGGGAAACCGGGGACGGGAAACCGUCGGCGGGGUACGGAAACGUACGCUCGGAAACGGGCCCCACGAGAA,82,AACUCGUGCCCUCGGGAAACCGGGGACGGGAAACCGUCGGCGGGGUACGGAAACGUACGCUCGGAAACGGGCCCCACGAGAA,95,V2
Eterna100_096_V2,096: Cesspool,((..(..((....))..(((.(..(.(((...)))..)..)..)))..(..(....)..).(..(....)..).....((....))..)..))..((..(..((....))..(((.(..(.(((...)))..)..)..)))..(..(....)..).(..(....)..).....((....))..)..))..((..(..((....))..(((.(..(.(((...)))..)..)..)))..(..(....)..).(..(....)..).....((....))..)..))..((..(..((....))..(((.(..(.(((...)))..)..)..)))..(..(....)..).(..(....)..).....((....))..)..)),GGGAGAAUGGAAACAAACUAAGGAGAUCAAAAUGAGACGACGAUAGAAGGACGAAAGGACAGGAGGAAACGACAAAAACCGAAAGGAACGACCAAGGGACAAGUGAAAACAAGUAAGGACAGUAAAAUAUGAGGACGGUACAAGGAGGAAACGACACGACGAAAGGAGAAAAAUGGAAACAAAGGACCAAGCGACAAGUGAAAACAACCAACGAGAACAAAAUGUGACGAGGAUGGAAGGAGGAAACGACACGACGAAAGGAGAAAAAGAGAAAUCAAGGAGCAACCGACAAGCAAAAGCAACAUACGACAGUAAAAUACGAGGAGGAAUGAAGGAGGAAACGACAGGAGGAAACGACAAAAAGUGAAAACAAGGAGG,378,GGGAGAAUGGAAACAAACUAAGGAGAUCAAAAUGAGACGACGAUAGAAGGACGAAAGGACAGGAGGAAACGACAAAAACCGAAAGGAACGACCAAGGGACAAGUGAAAACAAGUAAGGACAGUAAAAUAUGAGGACGGUACAAGGAGGAAACGACACGACGAAAGGAGAAAAAUGGAAACAAAGGACCAAGCGACAAGUGAAAACAACCAACGAGAACAAAAUGUGACGAGGAUGGAAGGAGGAAACGACACGACGAAAGGAGAAAAAGAGAAAUCAAGGAGCAACCGACAAGCAAAAGCAACAUACGACAGUAAAAUACGAGGAGGAAUGAAGGAGGAAACGACAGGAGGAAACGACAAAAAGUGAAAACAAGGAGG,96,V2
Eterna100_097_V2,097: Hoglafractal,(.(((..(((((....(((((......))))))))))((((...((((.....))))))))(((..(((....)))))).(((...((((...((((......))))))))(((..(((.....))))))((.((....)))).((((....(((..(((......))))))((.((.....))))(((....))).(((((.....((.((......))))(((.....)))((....)).((((((......(((......)))((.....))...(((((((...))))))).......))))))......))))).....))))....)))...)))..)...(.((.((((....((....))((....))((((((...)))))).)))))).),GAGCGAAGUGCAUACCUCUCCGAAAAAGGAGAUGCACCCGCGAAACGUGAAAAACGUGCGGGGUUAGUGGAAACACACCAGGGAAACCGCAAAUUCCAAAAAAGGAAGCGGCGAACGGUGAAAAACCUCGGGUCCGAAAGGCCACACGGAAAGGUAAGCAGAAGAAUGCACCCAUAGGAAAACUUGAGCGAAAGCUAAACCCAAAAACUAUCGAAAAAGAAGGAGGAAAAUUCGGGAAACCAUUAGUAAAAAGAGCUGAAAAAAGCGGAAAAACCUAACGACAGCAAAGCUGUCGGGAAAAAUACUAAAAAAAAGGGUUAAAAACGUGAAAACCCAAACGUGACAAAGGAGACUCAAAAGGCGAAAGCGGGGAACCUGACAGAAACUGUCAAUGAGCUGC,400,GAGCGAAGUGCAUACCUCUCCGAAAAAGGAGAUGCACCCGCGAAACGUGAAAAACGUGCGGGGUUAGUGGAAACACACCAGGGAAACCGCAAAUUCCAAAAAAGGAAGCGGCGAACGGUGAAAAACCUCGGGUCCGAAAGGCCACACGGAAAGGUAAGCAGAAGAAUGCACCCAUAGGAAAACUUGAGCGAAAGCUAAACCCAAAAACUAUCGAAAAAGAAGGAGGAAAAUUCGGGAAACCAUUAGUAAAAAGAGCUGAAAAAAGCGGAAAAACCUAACGACAGCAAAGCUGUCGGGAAAAAUACUAAAAAAAAGGGUUAAAAACGUGAAAACCCAAACGUGACAAAGGAGACUCAAAAGGCGAAAGCGGGGAACCUGACAGAAACUGUCAAUGAGCUGC,97,V2
Eterna100_098_V2,098: Bullseye,...(((((((...))))..((((...))))..((((...)))))))........(((((((...))))..((((...))))..((((...)))))))........(((((((...))))..((((...))))..((((...)))))))........(((((((...))))..((((...))))..((((...)))))))...,UAAGACCACGUAACGUGAACCGCGAAGCGGGGGCGGAAACCGCGUCGAAAAAAAUCCGGGUAAAAUCCAAAGCCUAAGGCUAACCUGAAACAGGGGAAAAAAAAACGCCGUCAAAGACGAAAGGGAAACCCUAGGGGCAAAGCCCGCGAGAAAAACGGGCCCGAACCGGGAGGCAGAUACUGCAUGUGCAAAGCACCCCAUA,202,UAAGACCACGUAACGUGAACCGCGAAGCGGGGGCGGAAACCGCGUCGAAAAAAAUCCGGGUAAAAUCCAAAGCCUAAGGCUAACCUGAAACAGGGGAAAAAAAAACGCCGUCAAAGACGAAAGGGAAACCCUAGGGGCAAAGCCCGCGAGAAAAACGGGCCCGAACCGGGAGGCAGAUACUGCAUGUGCAAAGCACCCCAUA,98,V2
Eterna100_099_V2,099: Shooting Star,(((((((((((((((((...(.(..((.(((.(((.((....).))).)))).).)..))..))))))).(((((..(.(..((.(((.(((((.(((.((((.((....).)))).))))).))).)))).).)..))..)((....))..))))(((((((((...))))).(((((...)))))(.(....).).)))).)))).((((.((((...(((((((...))))))).(((((...)))))))))(((((((...))))))).(((((...)))))))))((((..((....))(..((..(..(.(.(((.((((.((....).)))).)))).)..)..).))..))))).)))))).,CCCACCCUGGGGCUGGUUCUGUGUUCCUCCGUCCGUCCUUUUGUGUGUGUGGUGUGUUCCUUGCCAGCCUGCACGUUGUGUUCCUCCGUCCCGGUGAGUGUGGUCCUUUUGUGUCGUCCUCCAUGGUGUGGUGUGUUCCUUCGGUUUUCCUUGUGCGGGGGCUAGUUUCUAGCUGCAACUUUGUUGCGUCCUCGGUCUCCCCUCCAGUGUGCUGCUGUUUCCCCCCCUUUGGGGGGGUGGUCCUUUGGACCCAGCGGGUGCCUUUGGCACCCUGGCGGUUUCCGCCGCACGGUCUUGCUUUUGCGUUCGCUCUUCUGUCUGUCCUGUCCUUUUGUGUAGUGUAGUCCUGUUGUCGUUCGACCUGGUGGGA,370,CCCACCCUGGGGCUGGUUCUGUGUUCCUCCGUCCGUCCUUUUGUGUGUGUGGUGUGUUCCUUGCCAGCCUGCACGUUGUGUUCCUCCGUCCCGGUGAGUGUGGUCCUUUUGUGUCGUCCUCCAUGGUGUGGUGUGUUCCUUCGGUUUUCCUUGUGCGGGGGCUAGUUUCUAGCUGCAACUUUGUUGCGUCCUCGGUCUCCCCUCCAGUGUGCUGCUGUUUCCCCCCCUUUGGGGGGGUGGUCCUUUGGACCCAGCGGGUGCCUUUGGCACCCUGGCGGUUUCCGCCGCACGGUCUUGCUUUUGCGUUCGCUCUUCUGUCUGUCCUGUCCUUUUGUGUAGUGUAGUCCUGUUGUCGUUCGACCUGGUGGGA,99,V2
Eterna100_100_V2,100: Teslagon,......((.......((.((.......((.((...............)).........((...............)).)).......)).((.......((...............)).......)).((.......((.((...............)).........((...............)).)).......)).((.......((...............)).......)).((.......((.((...............)).........((...............)).)).......)).((.......((...........((...............)).)).......)).)).......))......,AAAAAAAAAAAAAAAAAAAAAAAAAAAAAAAAAAAAAAAAAAAAAAAAAAAAAAAAAAAAAAAAAAAAAAAAAAAAAAAAAAAAAAAAAAAAAAAAAAAAAAAAAAAAAAAAAAAAAAAAAAAAAAAAAAAAAAAAAAAAAAAAAAAAAAAAAAAAAAAAAAAAAAAAAAAAAAAAAAAAAAAAAAAAAAAAAAAAAAAAAAAAAAAAAAAAAAAAAAAAAAAAAAAAAAAAAAAAAAAAAAAAAAAAAAAAAAAAAAAAAAAAAAAAAAAAAAAAAAAAAAAAAAAAAAAAAAAAAAAAAAAAAAAAAAAAAAAAAAAAAAAAAAAAAAAAAAAAAAAAAAAAAAAAAAAAAAAAAAAAAAAAAAAAAAAAAAAAAAAAA,381,AAAAAAAAAAAAAAAAAAAAAAAAAAAAAAAAAAAAAAAAAAAAAAAAAAAAAAAAAAAAAAAAAAAAAAAAAAAAAAAAAAAAAAAAAAAAAAAAAAAAAAAAAAAAAAAAAAAAAAAAAAAAAAAAAAAAAAAAAAAAAAAAAAAAAAAAAAAAAAAAAAAAAAAAAAAAAAAAAAAAAAAAAAAAAAAAAAAAAAAAAAAAAAAAAAAAAAAAAAAAAAAAAAAAAAAAAAAAAAAAAAAAAAAAAAAAAAAAAAAAAAAAAAAAAAAAAAAAAAAAAAAAAAAAAAAAAAAAAAAAAAAAAAAAAAAAAAAAAAAAAAAAAAAAAAAAAAAAAAAAAAAAAAAAAAAAAAAAAAAAAAAAAAAAAAAAAAAAAAAAA,100,V2
